{"5AVJvmYPDieY1NCml/AX+w==":"mbr-227x128.jpg","XqqZWi5sTvmdJ74M3ArReQ==":"mbr-192x128.jpg","jVfvbs8HP08J5vYK7VFtrw==":"dress-like-a-gentleman-127x128.jpg","f2e5h98xVhg06oLo2FRTSg==":"img-1400x933.jpg","6brAsY1j8YTxMIphZQwkBg==":"mbr-2000x1333.jpg","gkJNK5x/XUWIk5hAlXp5wg==":"mbr-1-2000x1333.jpg","7vC/3tTLnW8nsWFbk5ErhA==":"mbr-2-2000x1333.jpg","ferPecowILWWzwr7uzkw0A==":"scholarship_650x400-2000x1230.jpg","g6u2OB/kQrvK/5Gqq3ysdw==":"ugc-scholarship-direct-to-students-bank-accounts-2000x1391.jpg","8byLVIP4wwgjUbdliB9x+Q==":"mbr-2000x1125.jpg","ieQn/XdjcKC8zQyHSP9xLA==":"mbr-3-2000x1333.jpg","91i4viHB16cKNs7+hNagvA==":"landscape.jpg","RRb4N3NKW4Yn0M9s7MonMg==":"mbr-2-2000x1333.jpg","QmzlDSQBDYQI6PsIYnRoHA==":"mbr-4-2000x1333.jpg","J+WQYjEsEzgknVCyf15oUw==":"mbr-5-2000x1333.jpg","hOZGLHXKWhaDMddoCOqM9A==":"vol-2000x1422.png","6sYYUHitz1cpuK88vuyCaA==":"volunteer-652383_960_720(1)-2000x1500.jpg","Jz+eJ3HQwm78mT0QYdwi3w==":"volunteers-2000x1341.jpg","+KKq30t8Tdve3fkiEbZYmQ==":"skills_cloud-2000x1030.jpg","ak8LCHR+ZHZ6M1T+rrjqxQ==":"istock_000059517630large-56b098205f9b58b7d024451a-2000x1333.jpg","+6U+hvOZCfUtFm+ZqxZ7xg==":"istock_000059517630large-56b098205f9b58b7d024451a-1400x933.jpg","T24UqqOPFCkHSS4k6lycnw==":"skills_cloud-1400x721.jpg","cuVGBMm346+ZQr8Lgq7Mpw==":"mbr-2-2000x1333.jpg","8yu9oRGCLCjJN192Ojjamw==":"mbr-5-2000x1333.jpg","6PuIHV/Xit+QBo7s8PPIyg==":"mbr-2000x1602.jpg","qQHML3CwxrTebtqRJCiFQQ==":"mbr-2000x1334.jpg","KKgnkU+UdpIdoDMpbuJybQ==":"mbr-2000x1364.jpg","xv1fQ8KVFnS8FYf8JnW4tA==":"mbr-6-2000x1333.jpg","wNlbrOnyKFarzwwQd56eJQ==":"mbr-2000x1534.jpg","iN+EmM46LawYNR8wZDN9ow==":"convocation1-2000x1334.jpg","BPO3vYf+E0Ku67fYf05ssQ==":"gradueer-2000x1500.jpg","9g94PJRsXU6rAfGfzrpGVQ==":"mbr-1400x933.jpg","ayqLkV7z5hELeOZglsjuHA==":"mbr-7-2000x1333.jpg","3F0H9Ihsm+L/Joz+cdeJ3Q==":"mbr-8-2000x1333.jpg","BVwm4EWFpy70qdzJRE0zng==":"mbr-1400x931.jpg","YDI3zvPBEloyWmJ3OWflHw==":"mbr-9-2000x1333.jpg","llQe/MYf++rtNcGY4MhDqA==":"mbr-2000x1328.jpg","qEULESFrck2m8PHs8nYXqQ==":"img-265x176.jpg","gAh5LqY0DsEpqraOYDruuQ==":"dress-like-a-gentleman-265x267.jpg"}